feature	metadata	value	coef	stderr	N	N.not.0	pval	qval
Streptomyces	Gender	M	-4.11999071452437	1.01797829251299	57	13	0.000166234585787604	0.00498703757362812
Methylobacterium.Methylorubrum	Gender	M	-2.34066183540399	0.835841023453326	57	12	0.00851850674494279	0.112614182785703
Staphylococcus	Gender	M	2.24634052445866	0.844675777558975	57	54	0.0112614182785703	0.112614182785703
Afipia	Gender	M	-2.85664200122354	1.24476976919884	57	17	0.0255777579634076	0.135796799829759
Corynebacterium	Gender	M	2.02641735425051	0.889528115286004	57	51	0.0271593599659518	0.135796799829759
Veillonella	Gender	M	1.46574017218071	0.616207601172435	57	6	0.020938664036485	0.135796799829759
Anaerococcus	Gender	M	2.9187934653279	1.53143378848057	57	30	0.0618917016605003	0.233088657595536
Pseudomonas	Gender	M	-2.60454054426203	1.33875774193611	57	24	0.0621569753588097	0.233088657595536
