feature	metadata	value	coef	stderr	N	N.not.0	pval	qval
Bacillus	Antibiotics	None	4.39604005657197	1.45926928733656	89	55	0.00339263701037473	0.0610674661867451
Afipia	Antibiotics	None	-3.53752709303854	1.38468422624914	89	29	0.0125782635668156	0.11320437210134
Pseudomonas	Antibiotics	None	-2.01008843435655	0.973811524747857	89	45	0.0419825098008723	0.188921294103925
Streptococcus	Antibiotics	None	1.97228713252921	0.922938329923967	89	45	0.0354302936397064	0.188921294103925
