feature	metadata	value	coef	stderr	N	N.not.0	pval	qval
Staphylococcus.hominis	Timepoint	Pre	-2.44410236991857	0.625893289543637	134	43	0.000172640773049074	0.00209908902916532
Staphylococcus.hominis	Timepoint	Post	-2.41644505395434	0.619281375848417	134	43	0.000174924085763777	0.00209908902916532
OtherTaxa_NotStaph	Timepoint	OR	0.715775555791082	0.242035225498453	134	134	0.00388767563181621	0.0244213614880025
Staphylococcus.hominis	Timepoint	OR	-1.82185494470406	0.619281375848417	134	43	0.00407022691466708	0.0244213614880025
Staphylococcus.epidermidis	Timepoint	OR	-1.87705845938554	0.752773870851445	134	109	0.0142690797924552	0.068491583003785
CoNS.Staphylococcus.spp.	Timepoint	OR	-1.83460310250353	0.821056727142179	134	36	0.0276530004314335	0.0948102871934863
OtherTaxa_NotStaph	Timepoint	Pre	0.552802407920926	0.244691374939916	134	134	0.0260758207846416	0.0948102871934863
Staphylococcus.lugdunensis	Timepoint	CV1	-0.74753344438856	0.390500265968176	134	27	0.0583605649645541	0.175081694893662
