feature	metadata	value	coef	stderr	N	N.not.0	pval	qval
Pseudomonas	Timepoint	Pre	3.65534811480938	1.11077242910931	43	24	0.00255548669553513	0.178884068687459
Staphylococcus	Timepoint	OR	-4.22222600825707	1.229352892622	43	32	0.00147892165048725	0.178884068687459
Lawsonella	Timepoint	Pre	1.66588194087349	0.563198488164547	43	5	0.0053037502048139	0.247508342891315
